INSERT INTO faculties(id, name) VALUES
(1, 'Естественные, математические и компьютерные науки'),
(2, 'Технические науки и технологии'),
(3, 'Экономические науки и управление');

INSERT INTO groups(ID, Group_number, Faculty_ID) VALUES
(1, 191, 1),
(2, 192, 1),
(3, 193, 1),
(4, 181, 1),
(5, 182, 1),
(6, 183, 1),
(7, 291, 2),
(8, 281, 2),
(9, 391, 3),
(10, 392, 3);

INSERT INTO students(ID, Fio_student, Account_book, Group_ID) VALUES
(1, 'Ковалева Анастасия Арсентьевна', 4912749, 1),
(2, 'Селезнева Елизавета Данииловна', 8179356, 1),
(3, 'Кузнецов Александр Фёдорович', 0172856, 1),
(4, 'Осипова Агата Константиновна', 6784098, 1),
(5, 'Алешин Артём Вадимович', 2819479, 1),
(6, 'Морозова Ксения Максимовна', 2648193, 1),
(7, 'Захарова Сабина Михайловна', 1609427, 1),
(8, 'Кузьмина Эмилия Михайловна', 5418608, 1),
(9, 'Смирнова Александра Васильевна', 4921867, 1),
(10, 'Никитина Ульяна Владимировна', 7812405, 1),
(11, 'Васильев Сергей Алексеевич', 3928475, 2),
(12, 'Богданова Малика Артёмовна', 5619273, 2),
(13, 'Романов Павел Иванович', 8392451, 2),
(14, 'Волков Давид Георгиевич', 6109287, 2),
(15, 'Круглова Александра Фёдоровна', 2819643, 2),
(16, 'Моисеева Анна Дмитриевна', 1592438, 2),
(17, 'Ткачева Елизавета Глебовна', 4281053, 2),
(18, 'Кузнецова Алиса Владимировна', 9548712, 2),
(19, 'Котов Пётр Николаевич', 8714253, 2),
(20, 'Тихонова Анастасия Тиграновна', 5473918, 2),
(21, 'Новиков Тимур Максимович', 8351069, 3),
(22, 'Левина Арина Максимовна', 5916743, 3),
(23, 'Беляева Кира Викторовна', 2465987, 3),
(24, 'Тихонов Платон Матвеевич', 7803146, 3),
(25, 'Сомов Елисей Артёмович', 6937482, 3),
(26, 'Савельев Иван Павлович', 8169407, 3),
(27, 'Гаврилова Полина Георгиевна', 4967130, 3),
(28, 'Зимин Алексей Русланович', 1829357, 3),
(29, 'Куликова Екатерина Семёновна', 7056183, 3),
(30, 'Гаврилов Леонид Романович', 8673249, 3),
(31, 'Афанасьев Станислав Арсентьевич', 8219340, 4),
(32, 'Сухова Дарья Александровна', 2341870, 4),
(33, 'Трофимов Константин Фёдорович', 9530246, 4),
(34, 'Петухов Эрик Германович', 4013627, 4),
(35, 'Семенов Матвей Максимович', 6321985, 4),
(36, 'Соколов Лев Владиславович', 7102546, 4),
(37, 'Герасимова Елизавета Никитична', 3018472, 4),
(38, 'Копылов Евгений Маркович', 1387456, 4),
(39, 'Сычева Дарья Никитична', 2976051, 4),
(40, 'Кравцова Ольга Матвеевна', 6439280, 4),
(41, 'Селиванова Майя Александровна', 9576013, 5),
(42, 'Буров Марк Михайлович', 1863459, 5),
(43, 'Никитин Артём Евгеньевич', 5728946, 5),
(44, 'Сергеев Артём Андреевич', 3014852, 5),
(45, 'Ушаков Марк Егорович', 7940236, 5),
(46, 'Королев Иван Максимович', 8693057, 5),
(47, 'Белоусов Владислав Львович', 1394826, 5),
(48, 'Носова Марьям Никитична', 4631570, 5),
(49, 'Иванова Мария Георгиевна', 3529186, 5),
(50, 'Сергеев Степан Родионович', 9327054, 5),
(51, 'Ткачева Амина Матвеевна', 5472036, 6),
(52, 'Смирнов Максим Тимурович', 4386152, 6),
(53, 'Сергеева Василиса Макаровна', 2087496, 6),
(54, 'Ильина Дарина Саввична', 6903128, 6),
(55, 'Степанов Дмитрий Александрович', 1573926, 6),
(56, 'Ильинский Михаил Ярославович', 9284051, 6),
(57, 'Крылова Ксения Львовна', 7832401, 6),
(58, 'Королева Александра Савельевна', 1924738, 6),
(59, 'Федорова Александра Романовна', 2359810, 6),
(60, 'Новиков Тимур Семёнович', 1528903, 6),
(61, 'Васильева Милана Артёмовна', 3768149, 7),
(62, 'Некрасов Даниил Захарович', 8501437, 7),
(63, 'Артемова Полина Григорьевна', 3925061, 7),
(64, 'Лобанов Егор Иванович', 1763489, 7),
(65, 'Мартынов Роман Вячеславович', 4951872, 7),
(66, 'Захаров Али Ильич', 6794185, 7),
(67, 'Симонов Артём Кириллович', 8613470, 7),
(68, 'Кириллов Егор Дмитриевич', 1723946, 7),
(69, 'Муравьева Амелия Владиславовна', 9802475, 7),
(70, 'Крылова Елизавета Никитична', 1048567, 7),
(71, 'Ершова Анна Александровна', 9061538, 8),
(72, 'Кузин Николай Давидович', 7314908, 8),
(73, 'Сидоров Иван Михайлович', 5942768, 8),
(74, 'Павлова Анна Марковна', 2873610, 8),
(75, 'Лобанова Милана Саввична', 1038942, 8),
(76, 'Леонов Николай Иванович', 8963420, 8),
(77, 'Гусев Матвей Даниилович', 5021487, 8),
(78, 'Горшкова Вера Владимировна', 2463105, 8),
(79, 'Ткачева Арина Дмитриевна', 4618532, 8),
(80, 'Филиппова Ева Марковна', 3579026, 8),
(81, 'Мальцева Маргарита Михайловна', 4502193, 9),
(82, 'Свиридов Макар Михайлович', 9324718, 9),
(83, 'Тихонов Платон Матвеевич', 1234590, 9),
(84, 'Сомов Елисей Артёмович', 2345678, 9),
(85, 'Савельев Иван Павлович', 3456789, 9),
(86, 'Гаврилова Полина Георгиевна', 4590123, 9),
(87, 'Зимин Алексей Русланович', 5678934, 9),
(88, 'Куликова Екатерина Семёновна', 6012345, 9),
(89, 'Гаврилов Леонид Романович', 7890456, 9),
(90, 'Афанасьев Станислав Арсентьевич', 1234567, 9),
(91, 'Сухова Дарья Александровна', 9012378, 10),
(92, 'Трофимов Константин Фёдорович', 1156789, 10),
(93, 'Петухов Эрик Германович', 2234567, 10),
(94, 'Семенов Матвей Максимович', 3345601, 10),
(95, 'Соколов Лев Владиславович', 4456712, 10),
(96, 'Герасимова Елизавета Никитична', 7890123, 10),
(97, 'Копылов Евгений Маркович', 6678904, 10),
(98, 'Сычева Дарья Никитична', 7789012, 10),
(99, 'Кравцова Ольга Матвеевна', 8890156, 10),
(100, 'Селиванова Майя Александровна', 1234567, 10);

INSERT INTO teachers(ID, Fio_teachers) VALUES
(1, 'Алексеев Марк Всеволодович'),
(2, 'Пономарев Юрий Максимович'),
(3, 'Корнеев Платон Артёмович'),
(4, 'Беляева Николь Ивановна'),
(5, 'Сергеев Давид Михайлович'),
(6, 'Фадеева Елизавета Артёмовна'),
(7, 'Фомина Таисия Степановна'),
(8, 'Винокурова Алиса Григорьевна'),
(9, 'Зуева Елизавета Давидовна'),
(10, 'Корнеева Таисия Михайловна'),
(11, 'Горшкова Екатерина Мироновна'),
(12, 'Петров Арсений Андреевич'),
(13, 'Воробьев Роман Даниилович'),
(14, 'Устинов Максим Макарович'),
(15, 'Петров Евгений Артёмович'),
(16, 'Куликова Ксения Арсентьевна'),
(17, 'Воронов Артём Алексеевич'),
(18, 'Попова Виктория Михайловна'),
(19, 'Александров Кирилл Михайлович'),
(20, 'Полякова Елизавета Михайловна'),
(21, 'Матвеева Ольга Марковна'),
(22, 'Фокин Тихон Иванович'),
(23, 'Фролов Максим Андреевич'),
(24, 'Столярова Алиса Олеговна'),
(25, 'Воробьев Виктор Никитич'),
(26, 'Ильин Даниэль Лукич'),
(27, 'Захаров Вадим Родионович'),
(28, 'Кочеткова Алиса Дмитриевна'),
(29, 'Михайлова Элина Данииловна'),
(30, 'Рябова Айлин Даниельевна');

INSERT INTO disciplines(ID, Name_discipline, Teacher_ID) VALUES
(1, 'Электронные устройства', 1),
(2, 'Схемотехника ЭВМ', 2),
(3, 'Организация ЭВМ и систем', 3),
(4, 'Администрирование сетей', 4),
(5, 'Базы данных', 5),
(6, 'Защита информации', 6),
(7, 'Технологии программирования', 7),
(8, 'Основы теории управления', 8),
(9, 'Машинное обучение', 9),
(10, 'Моделирование роботов', 10),
(11, 'Электронные устройства', 11),
(12, 'Схемотехника ЭВМ', 12),
(13, 'Организация ЭВМ и систем', 13),
(14, 'Администрирование сетей', 14),
(15, 'Базы данных', 15),
(16, 'Защита информации', 16),
(17, 'Технологии программирования', 17),
(18, 'Основы теории управления', 18),
(19, 'Машинное обучение', 19),
(20, 'Моделирование роботов', 20),
(21, 'Электронные устройства', 21),
(22, 'Схемотехника ЭВМ', 22),
(23, 'Организация ЭВМ и систем', 23),
(24, 'Администрирование сетей', 24),
(25, 'Базы данных', 25),
(26, 'Защита информации', 26),
(27, 'Технологии программирования', 27),
(28, 'Основы теории управления', 28),
(29, 'Машинное обучение', 29),
(30, 'Моделирование роботов', 30),
(31, 'Основы теории управления', 1),
(32, 'Машинное обучение', 2),
(33, 'Моделирование роботов', 3);

INSERT INTO exams(ID, Student_ID, Discipline_ID, Assessment, Exam_date) VALUES
(1, 1, 1, 2, '15.11.2023'),
(2, 2, 1, 3, '15.11.2023'),
(3, 3, 1, 4, '15.11.2023'),
(4, 4, 1, 5, '15.11.2023'),
(5, 5, 1, 2, '15.11.2023'),
(6, 6, 1, 3, '15.11.2023'),
(7, 7, 1, 4, '15.11.2023'),
(8, 8, 1, 5, '15.11.2023'),
(9, 9, 1, 2, '15.11.2023'),
(10, 10, 1, 3, '15.11.2023'),
(11, 1, 1, 3, '19.11.2023'),
(12, 5, 1, 4, '19.11.2023'),
(13, 9, 1, 4, '19.11.2023');
